City_ID,City,Lat,Lng,Max Temp,Humidity,Cloudiness,Wind Speed,Country,Date
0,ushuaia,-54.8,-68.3,42.46,70,40,19.57,AR,1728172138
1,edinburgh of the seven seas,-37.0676,-12.3116,54.01,89,100,23.22,SH,1728172139
2,petropavlovsk-kamchatsky,53.0452,158.6483,48.79,43,0,2.24,RU,1728172030
3,san antonio oeste,-40.7319,-64.9477,57.69,45,28,11.79,AR,1728172145
4,nagqu,31.5,92.0,35.71,82,82,1.5,CN,1728172147
5,ust-nera,64.5667,143.2,26.06,91,94,3.85,RU,1728172149
6,aykhal,66.0,111.5,26.74,97,100,5.23,RU,1728172151
7,port-aux-francais,-49.35,70.2167,32.45,88,99,25.28,TF,1728172152
8,grytviken,-54.2811,-36.5092,26.56,85,19,12.03,GS,1728172155
9,puerto natales,-51.7236,-72.4875,39.67,89,100,5.1,CL,1728172157
10,bredasdorp,-34.5322,20.0403,61.12,94,74,5.17,ZA,1728172158
11,benghazi,32.1167,20.0667,80.83,49,58,6.64,LY,1728172160
12,blackmans bay,-43.0167,147.3167,55.72,67,97,3.0,AU,1728172162
13,aasiaat,68.7098,-52.8699,29.75,82,0,7.11,GL,1728172167
14,ilulissat,69.2167,-51.1,32.02,80,2,0.0,GL,1728172168
15,olonkinbyen,70.9221,-8.7187,30.22,67,90,10.25,SJ,1728172170
16,radenci,46.642,16.0378,53.22,93,100,1.36,SI,1728172171
17,san antonio de pale,-1.4014,5.6325,77.58,80,96,12.28,GQ,1728172172
18,port mathurin,-19.6833,63.4167,72.86,88,97,25.17,MU,1728172175
19,san luis de la loma,17.2706,-100.8939,77.58,87,100,4.65,MX,1728172176
20,west island,-12.1568,96.8225,78.78,83,97,9.22,CC,1728172177
21,harper,4.375,-7.7169,75.78,92,93,7.74,LR,1728172179
22,chonchi,-42.6128,-73.8092,49.12,92,7,1.83,CL,1728172180
23,ciudad bolivar,8.1222,-63.5497,76.64,83,99,3.36,VE,1728172181
24,adamstown,-25.066,-130.1015,68.16,87,96,8.52,PN,1728172183
25,piat,17.7905,121.478,79.72,86,45,0.38,PH,1728172184
26,bilibino,68.0546,166.4372,22.06,95,99,4.97,RU,1728172186
27,waingapu,-9.6567,120.2641,82.58,67,98,12.33,ID,1728172187
28,roma,43.2128,-75.4557,57.34,73,75,3.44,US,1728172191
29,walvis bay,-22.9575,14.5053,58.95,85,2,8.23,NA,1728172192
30,margaret river,-33.95,115.0667,61.12,66,97,7.83,AU,1728172034
31,jilib,0.4883,42.7854,75.33,82,82,9.13,SO,1728172199
32,iqaluit,63.7506,-68.5145,37.13,81,75,9.22,CA,1728172200
33,smidovich,48.6,133.8167,50.61,43,92,14.81,RU,1728172202
34,midvagur,62.0511,-7.1939,47.23,76,100,13.8,FO,1728172203
35,yukhnov,54.7444,35.2297,49.46,81,100,5.48,RU,1728172206
36,kapuskasing,49.4169,-82.4331,57.2,54,75,10.36,CA,1728172207
37,bethel,41.3712,-73.414,61.9,69,0,1.01,US,1728172209
38,kingston,17.997,-76.7936,83.35,89,40,8.05,JM,1728172211
39,ancud,-41.8697,-73.8203,46.6,85,0,3.56,CL,1728172212
40,geraldton,-28.7667,114.6,57.61,100,62,9.22,AU,1728172213
41,tshabong,-26.05,22.45,61.18,22,98,9.17,BW,1728172215
42,genhe,50.7833,121.5167,36.03,74,8,2.93,CN,1728172218
43,katsuren-haebaru,26.3369,127.8719,85.08,82,0,0.0,JP,1728172220
44,tiksi,71.6872,128.8694,17.78,82,100,6.73,RU,1728172225
45,longyearbyen,78.2186,15.6401,19.24,86,40,8.05,SJ,1728172228
46,wailua homesteads,22.0669,-159.378,84.13,62,0,11.5,US,1728172229
47,monrovia,6.3005,-10.7969,77.4,86,93,5.41,LR,1728172235
48,papatowai,-46.5619,169.4708,57.31,61,32,5.91,NZ,1728172237
49,darnah,32.767,22.6367,78.44,48,63,9.48,LY,1728172239
50,fort bragg,35.139,-79.006,76.91,78,0,4.61,US,1728172241
51,kristiansund,63.1115,7.732,48.13,93,100,3.44,NO,1728172242
52,murzuq,25.9155,13.9184,82.09,17,63,2.84,LY,1728172244
53,hawaiian paradise park,19.5933,-154.9731,80.87,74,100,5.75,US,1728172247
54,codrington,-38.2667,141.9667,59.07,62,27,20.36,AU,1728172249
55,shalqar,47.8333,59.6,55.26,22,39,4.0,KZ,1728172251
56,lorengau,-2.0226,147.2712,80.28,83,100,8.7,PG,1728172253
57,san patricio,28.017,-97.5169,85.95,68,55,11.54,US,1728172254
58,luderitz,-26.6481,15.1594,74.39,41,39,6.35,NA,1728172255
59,jamestown,42.097,-79.2353,56.84,62,0,9.22,US,1728172221
60,kone,-21.0595,164.8658,85.44,45,6,2.71,NC,1728172260
61,new norfolk,-42.7826,147.0587,56.91,73,99,6.58,AU,1728172263
62,kindu,-2.95,25.95,72.32,71,93,1.63,CD,1728172264
63,iskateley,67.6803,53.1512,35.96,95,100,9.04,RU,1728172265
64,college,64.8569,-147.8028,51.78,43,75,0.0,US,1728172268
65,arroyo,41.6096,-4.7969,65.14,78,20,20.71,ES,1728172271
66,nova sintra,14.8667,-24.7167,81.46,77,100,6.24,CV,1728172272
67,punta arenas,-53.15,-70.9167,44.71,70,0,26.46,CL,1728172273
68,oltinko'l,40.8011,72.1634,68.65,51,99,1.21,UZ,1728172276
69,tolanaro,-25.0319,46.9987,66.27,82,40,2.3,MG,1728172277
70,bull savanna,17.8868,-77.5902,80.02,74,26,0.78,JM,1728172282
71,isafjordur,66.0755,-23.124,29.07,83,9,6.49,IS,1728172284
72,ialibu,-6.2821,143.9935,64.65,88,97,3.2,PG,1728172286
73,east london,-33.0153,27.9116,71.87,36,0,5.99,ZA,1728172287
74,anna regina,7.2644,-58.5077,80.56,85,99,5.12,GY,1728172289
75,stephenville,32.2207,-98.2023,82.53,42,0,0.0,US,1728172291
76,garden city,42.3256,-83.331,64.35,59,20,5.75,US,1728172292
77,cidreira,-30.1811,-50.2056,65.19,83,12,13.91,BR,1728172298
78,newbury,51.4003,-1.3206,54.36,87,97,1.01,GB,1728172299
79,port elizabeth,-33.918,25.5701,73.69,35,0,9.22,ZA,1728172300
80,waitangi,-43.9535,-176.5597,54.82,98,89,5.99,NZ,1728172301
81,levelland,33.5873,-102.378,81.19,21,0,11.12,US,1728172303
82,avarua,-21.2078,-159.775,75.25,57,28,18.41,CK,1728172304
83,sitka,57.0531,-135.33,51.69,76,75,6.91,US,1728172306
84,krasnokuts'k,50.066,35.1628,60.21,64,100,8.32,UA,1728172307
85,nouadhibou,20.931,-17.0347,69.78,88,73,10.36,MR,1728172308
86,mangrol,21.1167,70.1167,79.66,75,18,3.49,IN,1728172310
87,arraial do cabo,-22.9661,-42.0278,69.66,60,0,5.75,BR,1728172311
88,isangel,-19.55,169.2667,80.71,65,40,6.91,VU,1728172316
89,yellowknife,62.456,-114.3525,45.12,90,20,15.99,CA,1728172247
90,puerto baquerizo moreno,-0.9,-89.6,70.79,88,20,9.78,EC,1728172319
91,ilhabela,-23.7781,-45.3581,68.65,79,85,11.34,BR,1728172320
92,santa cecilia,-26.9608,-50.4269,52.83,80,5,2.57,BR,1728172324
93,thompson,55.7435,-97.8558,33.96,93,100,17.27,CA,1728172327
94,saipan,15.1355,145.701,84.9,84,75,10.36,MP,1728172329
95,dudinka,69.4058,86.1778,23.18,91,18,7.14,RU,1728172330
96,vorgashor,67.5833,63.95,29.16,97,100,11.05,RU,1728172331
97,vadso,70.0744,29.7487,33.96,86,97,11.5,NO,1728172333
98,vilyuchinsk,52.9306,158.4028,50.27,63,56,5.3,RU,1728172335
99,mersa matruh,31.3525,27.2453,70.0,73,0,4.61,EG,1728172336
100,port lincoln,-34.7333,135.8667,64.13,65,30,16.98,AU,1728172177
101,kailua-kona,19.6406,-155.9956,84.16,72,40,12.66,US,1728172341
102,laguna,38.421,-121.4238,100.24,17,0,11.5,US,1728172342
103,rafsanjan,30.4067,55.9939,63.97,52,69,9.84,IR,1728172344
104,elko,41.0002,-115.5012,80.15,17,0,14.0,US,1728172048
105,sydney mines,46.2367,-60.2177,59.0,92,100,6.91,CA,1728172347
106,sandnessjoen,66.0217,12.6316,42.67,76,77,11.81,NO,1728172348
107,whitehorse,60.7161,-135.0538,49.01,46,75,12.66,CA,1728172350
108,christchurch,-43.5333,172.6333,62.42,72,7,11.5,NZ,1728172215
109,la junta,37.985,-103.5438,91.69,9,0,6.91,US,1728172352
110,newman,37.3138,-121.0208,103.12,10,0,6.87,US,1728172353
111,mpanda,-6.3655,31.0409,73.47,48,61,5.08,TZ,1728172354
112,albany,42.6001,-73.9662,57.61,72,7,4.54,US,1728172355
113,tweed heads,-28.1817,153.547,85.17,65,0,13.8,AU,1728172356
114,la passe,45.5549,-0.8967,57.22,96,100,9.01,FR,1728172359
115,la ronge,55.1001,-105.2842,48.45,66,75,9.22,CA,1728172360
116,bereznik,62.8551,42.7072,36.28,84,8,8.5,RU,1728172361
117,adrar,20.5022,-10.0711,91.44,21,8,9.13,MR,1728172363
118,saldanha,-33.0117,17.9442,59.05,74,74,8.55,ZA,1728172366
119,sosnovo-ozerskoye,52.5249,111.5418,27.63,69,36,6.31,RU,1728172367
120,hit,33.6416,42.8251,76.37,21,0,10.27,IQ,1728172369
121,peruibe,-24.32,-46.9983,67.37,87,94,8.99,BR,1728172370
122,yulinshi,38.2906,109.7494,60.1,56,100,7.94,CN,1728172372
123,margate,51.3813,1.3862,55.69,73,51,1.99,GB,1728172373
124,invercargill,-46.4,168.35,62.02,61,39,7.0,NZ,1728172376
125,humaita,-7.5061,-63.0208,80.64,67,44,1.07,BR,1728172378
126,gopalpur,19.2667,84.9167,78.67,81,98,4.63,IN,1728172379
127,palikir - national government center,6.9248,158.1611,86.85,79,75,4.61,FM,1728172380
128,hithadhoo,-0.6,73.0833,79.21,87,100,22.21,MV,1728172381
129,zilair,52.2332,57.4392,46.67,36,100,1.7,RU,1728172382
130,amuntai,-2.4177,115.2494,79.63,84,79,0.63,ID,1728172384
131,nanchong,30.7951,106.0847,59.32,91,100,0.83,CN,1728172385
132,georgetown,5.4112,100.3354,76.95,88,20,1.14,MY,1728172387
133,lihue,21.9789,-159.3672,84.74,62,0,11.5,US,1728172388
134,hermanus,-34.4187,19.2345,60.8,83,55,8.63,ZA,1728172390
135,minas de marcona,-15.2119,-75.1103,61.86,67,72,2.33,PE,1728172391
136,uturoa,-16.7333,-151.4333,77.47,77,79,24.72,PF,1728172392
137,kavieng,-2.5744,150.7967,84.97,72,88,13.98,PG,1728172393
138,mogocha,53.7333,119.7667,33.49,47,13,2.86,RU,1728172394
139,urzhum,57.1141,49.9996,42.53,90,71,8.39,RU,1728172395
140,lebu,-37.6167,-73.65,49.82,92,100,8.9,CL,1728172397
141,potosi,-19.5836,-65.7531,54.03,34,18,8.9,BO,1728172398
142,enewetak,11.3474,162.3373,82.33,77,100,14.65,MH,1728172399
143,happy valley-goose bay,53.3168,-60.3315,50.31,57,75,6.91,CA,1728172402
144,kembe,4.6228,21.8865,69.24,99,95,2.68,CF,1728172403
145,mount isa,-20.7333,139.5,83.97,48,11,11.5,AU,1728172404
146,namtsy,62.7161,129.6658,32.04,91,99,1.59,RU,1728172406
147,ulladulla,-35.35,150.4667,70.39,41,1,13.62,AU,1728172408
148,ponta delgada,37.7333,-25.6667,70.52,78,20,3.44,PT,1728172409
149,tazacorte,28.629,-17.9293,72.57,96,100,3.44,ES,1728172410
150,vizinga,61.0749,50.1031,36.82,93,12,8.12,RU,1728172412
151,uliastay,47.7417,96.8444,28.63,43,0,5.19,MN,1728172414
152,nemuro,43.3236,145.575,58.32,79,73,8.81,JP,1728172417
153,lobito,-12.3481,13.5456,73.83,88,79,3.91,AO,1728172418
154,pio xii,-3.8325,-45.1525,79.77,73,27,9.1,BR,1728172419
155,sirsa,29.5333,75.0167,80.01,40,0,3.24,IN,1728172421
156,crane,31.3974,-102.3501,83.53,25,0,1.16,US,1728172422
157,petauke,-14.2426,31.3253,60.31,47,0,8.86,ZM,1728172423
158,gallup,35.5281,-108.7426,82.24,20,0,14.12,US,1728172425
159,belo,6.1333,10.25,63.1,95,90,0.94,CM,1728172426
160,hadibu,12.65,54.0333,78.89,82,35,8.41,YE,1728172428
161,tazovsky,67.4667,78.7,28.47,73,100,13.11,RU,1728172430
162,kisangani,0.5167,25.2,71.19,98,92,1.81,CD,1728172431
163,dalandzadgad,43.5708,104.425,36.72,68,19,1.92,MN,1728172432
164,cabo san lucas,22.8909,-109.9124,81.72,68,5,10.89,MX,1728172433
165,armidale,-30.5167,151.65,68.43,34,1,16.04,AU,1728172435
166,fale old settlement,-9.3852,-171.2468,81.95,77,100,11.7,TK,1728172437
167,sao jose da coroa grande,-8.8978,-35.1478,74.59,77,3,9.62,BR,1728172438
168,ngama,11.7833,17.1667,74.55,85,100,9.51,TD,1728172439
169,lakshmeshwar,15.1333,75.4667,72.03,86,99,3.8,IN,1728172440
170,fukuecho,32.6881,128.8419,73.76,94,75,8.05,JP,1728172442
171,andergrove,-21.0833,149.1833,74.95,70,1,6.76,AU,1728172444
172,matoury,4.8483,-52.3317,80.56,83,0,3.44,GF,1728172445
173,harstad,68.799,16.5293,39.15,90,60,18.01,NO,1728172448
174,bonthe,7.5264,-12.505,77.68,90,100,5.26,SL,1728172449
175,mount pearl,47.5166,-52.7813,52.45,92,75,3.44,CA,1728172451
176,le port,-20.9373,55.2919,67.96,82,72,3.56,RE,1728172454
177,igarka,67.4667,86.5833,24.58,82,26,5.86,RU,1728172455
178,chibougamau,49.9168,-74.3659,49.62,71,0,0.0,CA,1728172457
179,concepcion,-36.827,-73.0498,60.6,67,0,0.0,CL,1728172458
180,puerto ayora,-0.7393,-90.3518,70.83,89,65,9.1,EC,1728172461
181,stanley,54.868,-1.6985,48.52,87,0,5.75,GB,1728172464
182,zadonsk,52.3904,38.9261,59.05,83,99,3.51,RU,1728172465
183,ta`u,-14.2336,-169.5144,79.3,77,41,23.62,AS,1728172473
184,dzuunmod,48.2199,97.3744,26.51,40,0,5.35,MN,1728172474
185,namibe,-15.1961,12.1522,69.76,73,63,4.36,AO,1728172476
186,dongcun,36.7767,121.1597,61.38,60,100,3.58,CN,1728172477
187,west bay,19.3667,-81.4167,86.07,74,20,3.44,KY,1728172479
188,kodiak,57.79,-152.4072,49.51,66,75,12.66,US,1728172480
189,maicao,11.3832,-72.2432,79.54,85,83,7.47,CO,1728172482
190,loei,17.4167,101.5,61.97,88,85,0.58,TH,1728172483
191,marica,-22.9194,-42.8186,67.26,71,21,11.92,BR,1728172485
192,revda,56.801,59.9303,45.37,78,92,10.31,RU,1728172486
193,udachny,66.4167,112.4,26.91,96,100,6.89,RU,1728172487
194,peniche,39.3558,-9.3811,72.21,95,68,15.3,PT,1728172489
195,carnarvon,-24.8667,113.6333,69.49,71,77,14.23,AU,1728172490
196,tobruk,32.0836,23.9764,76.5,48,37,10.13,LY,1728172491
197,constantia,44.1833,28.65,66.88,86,100,9.82,RO,1728172492
198,bengkulu,-3.8004,102.2655,76.39,87,100,2.73,ID,1728172494
199,manggar,-2.8833,108.2667,83.3,75,79,11.41,ID,1728172495
200,berezovyy,51.6667,135.7,48.56,43,6,5.37,RU,1728172497
201,terrace,54.5163,-128.6035,53.51,100,100,10.36,CA,1728172287
202,kenai,60.5544,-151.2583,52.14,58,20,8.05,US,1728172501
203,i-n-salah,27.1935,2.4607,91.51,14,2,6.73,DZ,1728172502
204,coquimbo,-29.9533,-71.3436,55.13,94,100,9.22,CL,1728172243
205,umm kaddadah,13.6017,26.6876,87.71,27,7,2.71,SD,1728172506
206,hunstanton,52.95,0.5,51.12,88,72,17.72,GB,1728172508
207,antsiranana,-12.2787,49.2917,72.66,54,5,14.23,MG,1728172509
208,yigo village,13.5361,144.8886,82.74,93,75,10.36,GU,1728172510
209,kerema,-7.9631,145.7785,81.82,75,70,7.67,PG,1728172511
210,arawa,-6.2132,155.5367,87.39,65,76,5.12,PG,1728172512
211,springbok,-29.6643,17.8865,72.25,14,90,19.04,ZA,1728172514
212,guarapari,-20.6667,-40.4975,68.27,70,69,8.84,BR,1728172515
213,korla,41.7597,86.1469,57.07,45,0,1.99,CN,1728172517
214,inarajan village,13.2736,144.7484,84.4,78,84,9.62,GU,1728172518
215,viedma,-40.8135,-62.9967,44.85,68,9,8.68,AR,1728172519
216,la'ie,21.6477,-157.9253,87.76,73,9,4.0,US,1728172522
217,kavaratti,10.5669,72.642,81.3,76,95,1.74,IN,1728172525
218,talnakh,69.4865,88.3972,21.47,95,89,4.52,RU,1728172531
219,sawa sawa,-4.4717,39.4846,75.15,85,81,9.69,KE,1728172532
220,seven pagodas,12.6264,80.1722,79.32,84,100,6.6,IN,1728172534
221,ambodifotatra,-16.9833,49.85,73.33,61,62,16.82,MG,1728172535
222,zaozersk,69.4005,32.4476,34.48,81,84,5.91,RU,1728172537
223,mugia,43.1041,-9.2179,66.9,97,98,16.15,ES,1728172539
224,portland,45.5234,-122.6762,72.95,52,20,8.05,US,1728172472
225,nar'yan-mar,67.6713,53.087,35.92,95,100,9.22,RU,1728172543
226,gaspe,48.8334,-64.4819,46.62,100,100,0.0,CA,1728172520
227,gasa,31.5,34.4667,75.79,75,100,8.77,PS,1728172547
228,san fernando de apure,7.8878,-67.4724,76.77,92,100,3.6,VE,1728172548
229,atafu village,-8.5421,-172.5159,83.23,67,69,13.18,TK,1728172550
230,altay,47.8667,88.1167,46.4,37,1,8.41,CN,1728172552
231,moose jaw,50.4001,-105.5344,50.25,53,67,27.63,CA,1728172553
232,sao vicente,-23.9631,-46.3919,69.94,26,58,5.01,BR,1728172555
233,ust'-ilimsk,58.0006,102.6619,39.99,94,100,10.4,RU,1728172482
234,yuzhno-kurilsk,44.0306,145.8556,59.22,72,90,8.39,RU,1728172557
235,lukovit,43.2,24.1667,61.68,92,100,1.43,BG,1728172559
236,kruisfontein,-34.0033,24.7314,69.28,35,1,7.16,ZA,1728172560
237,pushkinskiye gory,57.0209,28.9103,40.41,94,15,2.37,RU,1728172561
238,panama city beach,30.1766,-85.8055,79.0,85,75,3.44,US,1728172564
239,mount gambier,-37.8333,140.7667,59.02,60,50,13.87,AU,1728172567
240,isla mujeres,21.2311,-86.731,84.16,84,99,5.14,MX,1728172568
241,puerto san jose,13.9256,-90.8244,80.92,83,100,4.56,GT,1728172569
242,haiku-pauwela,20.9219,-156.3051,82.26,72,80,25.99,US,1728172570
243,angaur state,6.906,134.13,84.22,74,61,10.04,PW,1728172571
244,alenquer,-1.9417,-54.7383,78.76,76,68,2.33,BR,1728172573
245,kayangel,8.0823,134.7173,84.51,76,26,10.92,PW,1728172575
246,utete,-7.986,38.758,70.32,97,99,1.57,TZ,1728172576
247,waris aliganj,25.0167,85.6333,74.88,96,11,2.84,IN,1728172577
248,koryazhma,61.3143,47.1691,35.96,89,7,7.63,RU,1728172580
249,guerrero negro,27.9769,-114.0611,71.62,73,0,18.05,MX,1728172295
250,ylitornio,66.3089,23.6773,33.12,84,87,3.76,FI,1728172584
251,badger,64.8,-147.5333,51.71,44,20,0.0,US,1728172585
252,weno,7.4515,151.8468,85.95,74,40,0.0,FM,1728172587
253,maneromango,-7.1988,38.7848,67.57,94,100,2.91,TZ,1728172590
254,kafin hausa,12.2375,9.908,78.21,72,92,8.84,NG,1728172591
255,kasongo-lunda,-6.4667,16.8167,71.29,82,70,1.1,CD,1728172593
256,luanda,-8.8368,13.2343,77.0,83,75,9.22,AO,1728172596
257,kapa'a,22.0752,-159.319,85.48,59,0,11.5,US,1728172603
258,viru,-8.4167,-78.75,67.28,80,78,5.26,PE,1728172605
259,alaghsas,17.0187,8.0168,86.0,37,98,5.84,NE,1728172608
260,tindouf,27.6711,-8.1474,82.85,44,0,10.36,DZ,1728172609
261,encruzilhada do sul,-30.5439,-52.5219,56.03,92,61,5.41,BR,1728172610
262,lycksele,64.5954,18.6735,33.73,99,100,2.95,SE,1728172611
263,pacific grove,36.6177,-121.9166,81.37,79,0,8.99,US,1728172613
264,saint-francois,46.4154,3.9054,41.68,100,0,2.3,FR,1728172615
265,al jawf,29.5,38.75,76.59,28,0,16.78,SA,1728172616
266,tura,25.5198,90.2201,71.62,98,98,2.91,IN,1728172618
267,al jubayl,27.0112,49.6583,84.07,41,0,11.83,SA,1728172619
268,vorkuta,67.5,64.0,29.7,97,100,10.58,RU,1728172621
269,anastacio,-20.4836,-55.8069,91.09,24,0,8.39,BR,1728172622
270,borogontsy,62.6683,131.1683,31.77,87,94,2.19,RU,1728172623
271,shenjiamen,29.9576,122.298,75.85,84,99,11.63,CN,1728172625
272,carutapera,-1.195,-46.02,78.62,79,13,9.48,BR,1728172626
273,andovoranto,-18.95,49.1,65.89,73,80,5.77,MG,1728172629
274,amursk,50.2261,136.8994,49.86,53,100,10.09,RU,1728172630
275,mhamid,29.82,-5.72,86.22,25,94,8.23,MA,1728172631
276,ola,59.5833,151.2833,39.7,57,100,5.21,RU,1728172634
277,fortuna,40.5982,-124.1573,71.92,60,0,11.5,US,1728172635
278,chivolo,10.025,-74.6228,77.9,87,91,9.08,CO,1728172636
279,rongelap,11.1635,166.8941,81.93,74,100,9.53,MH,1728172638
280,remire-montjoly,4.9167,-52.2667,80.64,83,0,3.44,GF,1728172643
281,tonghae,37.5439,129.1069,64.67,70,93,1.05,KR,1728172646
282,mantua,45.1667,10.7833,54.21,94,3,0.69,IT,1728172648
283,noosa heads,-26.3833,153.15,76.62,58,0,10.16,AU,1728172650
284,abalak,58.1286,68.5944,41.79,63,95,5.75,RU,1728172651
285,acajutla,13.5928,-89.8275,81.1,84,99,5.59,SV,1728172652
286,grand falls-windsor,48.9332,-55.6649,51.51,91,100,1.01,CA,1728172654
287,kuanda,56.3161,116.0806,34.43,51,99,2.48,RU,1728172656
288,los banos,14.1667,121.1833,76.68,88,100,7.67,PH,1728172658
289,mut,36.6439,33.4389,70.84,47,0,0.47,TR,1728172659
290,egilsstadir,65.2653,-14.3948,31.91,100,75,10.36,IS,1728172660
291,minas de matahambre,22.5887,-83.9447,77.43,90,97,2.28,CU,1728172661
292,mourenx,43.3833,-0.6,61.68,94,75,5.75,FR,1728172663
293,lufilufi,-13.8745,-171.5986,80.15,80,45,23.38,WS,1728172665
294,utrik,11.2278,169.8474,81.73,76,100,5.19,MH,1728172674
295,kili,5.6439,169.1211,84.24,72,99,10.11,MH,1728172677
296,castelbuono,37.932,14.0886,59.22,78,5,2.93,IT,1728172679
297,konarka,19.9,86.1167,79.92,79,89,4.07,IN,1728172680
298,basco,20.4487,121.9702,81.99,81,56,12.59,PH,1728172681
299,inhapim,-19.5492,-42.12,69.01,71,72,10.45,BR,1728172682
300,caleta de carquin,-11.0925,-77.6267,64.26,86,73,4.5,PE,1728172684
301,zheshart,62.0731,49.5733,35.69,89,7,9.17,RU,1728172685
302,broome,42.2506,-75.833,55.71,65,1,3.53,US,1728172693
303,quellon,-43.1167,-73.6167,44.44,81,0,7.72,CL,1728172696
304,alofi,-19.0595,-169.9187,80.49,54,75,20.71,NU,1728172697
305,anadyr,64.75,177.4833,34.3,86,20,11.18,RU,1728172699
306,baise city,23.8997,106.6133,75.34,99,76,1.74,CN,1728172701
307,arua,3.0201,30.9111,62.94,84,57,3.87,UG,1728172702
308,oranjemund,-28.55,16.4333,77.9,28,62,8.57,NA,1728172703
309,al hilaliyya,14.9398,33.234,86.16,47,4,9.17,SD,1728172705
310,choyr,46.3611,108.3611,32.68,84,3,3.62,MN,1728172710
311,lerwick,60.1545,-1.1494,52.21,93,100,14.74,GB,1728172711
312,paide,58.8856,25.5572,42.84,97,46,4.5,EE,1728172712
313,mejit,10.2753,170.8646,82.6,75,65,5.91,MH,1728172713
314,lompoc,34.6391,-120.4579,70.21,76,99,11.5,US,1728172604
315,vila franca do campo,37.7167,-25.4333,70.21,99,88,5.26,PT,1728172715
316,sisimiut,66.9395,-53.6735,36.57,66,0,4.14,GL,1728172716
317,araguaina,-7.1911,-48.2072,84.11,43,35,3.78,BR,1728172717
318,phan rang-thap cham,11.5667,108.9833,79.83,73,96,3.69,VN,1728172718
319,port saint john's,-31.6229,29.5448,68.88,50,0,8.77,ZA,1728172720
320,afaahiti,-17.75,-149.2833,73.58,75,96,22.28,PF,1728172722
321,wenling,28.3669,121.36,74.12,87,17,6.02,CN,1728172723
322,polyarnyy,69.1989,33.4478,36.79,78,63,8.28,RU,1728172724
323,dili,-8.5586,125.5736,84.07,52,84,6.35,TL,1728172725
324,hamilton,39.1834,-84.5333,73.22,66,0,1.99,US,1728172726
325,ribeira grande,38.5167,-28.7,67.77,76,53,10.0,PT,1728172727
326,ornskoldsvik,63.2909,18.7153,40.15,87,100,3.44,SE,1728172729
327,alasehir,38.3508,28.5172,68.07,56,10,4.52,TR,1728172730
328,hinton,53.4001,-117.5857,49.71,52,39,7.05,CA,1728172731
329,qaqortoq,60.7167,-46.0333,38.23,60,1,2.37,GL,1728172732
330,muntok,-2.0667,105.1833,80.46,80,74,6.67,ID,1728172733
331,port alfred,-33.5906,26.891,73.98,38,0,6.87,ZA,1728172734
332,tralee,52.2704,-9.7026,56.95,94,88,7.0,IE,1728172735
333,norfolk,42.1668,-71.2495,60.73,74,3,1.88,US,1728172736
334,tidjikja,18.5564,-11.4271,91.38,20,14,9.78,MR,1728172738
335,johi,26.6921,67.6133,87.22,58,0,6.38,PK,1728172739
336,ak-suu,42.4995,78.527,49.77,49,62,7.16,KG,1728172740
337,murghob,38.1702,73.9667,36.57,59,100,3.91,TJ,1728172741
338,ad dilam,23.9915,47.1627,80.53,21,2,3.89,SA,1728172742
339,douglas,41.3,-96.167,79.32,27,0,13.8,US,1728172743
340,youssoufia,32.2463,-8.5294,68.9,84,29,12.03,MA,1728172745
341,port-vila,-17.7338,168.3219,82.0,69,75,14.97,VU,1728172747
342,taroa,8.7058,171.2275,82.72,74,32,4.9,MH,1728172748
343,salinopolis,-0.6136,-47.3561,79.9,78,29,12.62,BR,1728172752
344,bollnas,61.3482,16.3946,44.71,91,96,6.11,SE,1728172755
345,laminusa,5.5549,120.9136,82.9,71,88,1.03,PH,1728172757
346,hohhot,40.8106,111.6522,52.09,71,20,11.18,CN,1728172758
347,bubaque,11.2833,-15.8333,80.4,83,57,3.96,GW,1728172762
348,taltal,-25.4,-70.4833,61.03,76,100,1.57,CL,1728172764
349,yugo-kamskiy,57.7053,55.5894,47.41,92,91,5.61,RU,1728172766
350,bardai,11.65,7.2333,69.48,87,97,4.54,NG,1728172769
351,klyuchi,52.2667,79.1667,46.44,49,100,8.01,RU,1728172770
352,mili,6.0815,171.735,84.33,71,27,10.54,MH,1728172773
353,sao joao da barra,-21.6403,-41.0511,69.26,65,6,11.36,BR,1728172776
354,nuuk,64.1835,-51.7216,38.88,60,3,4.0,GL,1728172778
355,rikaze,29.25,88.8833,45.12,56,2,3.42,CN,1728172780
356,les sables-d'olonne,46.6667,-1.8333,57.96,95,100,18.41,FR,1728172782
357,santa elena de uairen,4.6167,-61.1333,68.99,85,99,2.77,VE,1728172783
358,suklayin,15.7574,121.5503,80.19,82,80,1.36,PH,1728172784
359,kiomboi,-4.2667,34.3667,65.32,63,90,10.63,TZ,1728172785
360,hami,42.8,93.45,57.63,31,0,6.67,CN,1728172788
361,metlili chaamba,32.2667,3.6333,76.14,38,0,0.0,DZ,1728172789
362,nishinoomote,30.7333,131.0,79.36,94,75,4.61,JP,1728172792
363,katsuura,35.1333,140.3,73.29,92,95,11.63,JP,1728172796
364,lincoln city,44.9582,-124.0179,64.36,80,2,13.0,US,1728172798
365,hasaki,35.7333,140.8333,75.11,86,81,10.83,JP,1728172801
366,pietermaritzburg,-29.6168,30.3928,56.88,40,0,5.14,ZA,1728172802
367,nuku'alofa,-21.1333,-175.2,80.94,83,20,9.22,TO,1728172808
368,safi,32.1667,-8.8333,68.5,86,21,13.4,MA,1728172810
369,ar rumaythah,31.5263,45.2025,79.11,25,0,11.77,IQ,1728172813
370,acarau,-2.8856,-40.12,77.45,82,6,15.05,BR,1728172814
371,holmsund,63.706,20.3641,35.55,93,75,3.44,SE,1728172815
372,mitsamiouli,-11.3847,43.2844,76.66,79,57,2.19,KM,1728172816
373,karwar,14.8,74.1333,77.99,89,99,5.7,IN,1728172819
374,letterkenny,54.95,-7.7333,51.94,90,100,15.01,IE,1728172820
375,pangai,-19.8,-174.35,75.54,72,52,17.36,TO,1728172821
376,xining,36.6167,101.7667,46.45,70,100,2.3,CN,1728172823
377,alice springs,-23.7,133.8833,78.35,22,0,17.27,AU,1728172827
378,axim,4.8699,-2.2405,76.24,91,100,6.2,GH,1728172830
379,willow oak,27.9161,-82.0179,83.07,80,97,1.99,US,1728172831
380,saint-philippe,-21.3585,55.7679,67.39,74,91,7.43,RE,1728172833
381,karachi,24.9056,67.0822,82.22,74,75,4.61,PK,1728172834
382,asau,46.4333,26.4,58.42,96,100,2.84,RO,1728172836
383,kidal,18.4411,1.4078,86.38,40,89,11.7,ML,1728172838
384,ventspils,57.3894,21.5606,33.73,100,10,0.0,LV,1728172839
385,papao,-17.75,-149.55,82.08,77,73,24.79,PF,1728172841
386,kuching,1.55,110.3333,77.09,100,20,3.44,MY,1728172844
387,gaiman,-43.2897,-65.4929,55.6,32,1,17.78,AR,1728172845
388,jijel,36.8205,5.7667,62.55,82,0,3.44,DZ,1728172847
389,sant antoni de portmany,38.9807,1.3036,72.09,91,20,8.05,ES,1728172848
390,ketchikan,55.3422,-131.6461,54.34,73,7,10.29,US,1728172849
391,pacasmayo,-7.4006,-79.5714,65.41,84,87,9.69,PE,1728172850
392,chom thong,18.4174,98.6743,73.26,95,44,1.52,TH,1728172852
393,maitum,6.0392,124.4986,83.21,68,94,2.42,PH,1728172854
394,novokruchininskiy,51.7833,113.7667,32.99,54,50,3.42,RU,1728172855
395,bamboo flat,11.7,92.7167,77.09,100,40,1.14,IN,1728172857
396,buka,40.8108,69.1986,62.26,80,99,2.13,UZ,1728172858
397,marquette,46.5333,-87.6335,62.67,69,92,5.01,US,1728172859
398,chaumont-gistoux,50.6775,4.7212,46.24,85,0,4.61,BE,1728172861
399,belmonte,-15.8631,-38.8828,73.35,91,18,7.11,BR,1728172862
400,khandyga,62.6667,135.6,33.17,95,99,1.81,RU,1728172863
401,faranah,10.0404,-10.7434,70.32,98,53,0.4,GN,1728172865
402,manokwari,-0.8667,134.0833,83.14,69,78,2.71,ID,1728172866
403,makubetsu,45.3714,141.8211,64.11,82,75,13.8,JP,1728172868
404,sidi akkacha,36.4647,1.3026,70.09,63,13,5.59,DZ,1728172869
405,toliara,-23.35,43.6667,65.89,66,0,15.68,MG,1728172871
406,touros,-5.1989,-35.4608,76.5,76,9,13.38,BR,1728172872
407,priozersk,61.0393,30.1291,38.08,100,80,3.62,RU,1728172873
408,lethem,3.3803,-59.7968,80.28,79,94,4.29,GY,1728172875
409,veinticinco de mayo,-35.4323,-60.1727,63.99,68,35,4.0,AR,1728172876
410,camana,-16.6228,-72.7111,66.63,74,67,2.33,PE,1728172877
411,rutana,-3.8667,30.1,64.09,57,76,1.41,BI,1728172878
412,kudat,6.8837,116.8477,80.53,89,99,5.99,MY,1728172879
413,byron bay,-28.65,153.6167,79.83,47,0,2.86,AU,1728172881
414,barstow heights,34.8697,-117.0562,99.91,9,2,1.74,US,1728172882
415,greenville,35.6127,-77.3663,73.42,92,75,0.0,US,1728172626
416,shingu,33.7333,135.9833,74.8,85,47,5.35,JP,1728172885
417,melekeok village,7.4957,134.6367,84.09,77,76,8.28,PW,1728172886
418,port douglas,-16.4833,145.4667,77.36,63,62,8.79,AU,1728172887
419,bhimunipatnam,17.8833,83.4333,79.02,77,100,2.93,IN,1728172889
420,necochea,-38.5473,-58.7368,46.71,84,88,10.87,AR,1728172890
421,cockburn town,21.4612,-71.1419,83.97,68,23,8.3,TC,1728172895
422,zdvinsk,54.7021,78.661,43.14,56,7,7.85,RU,1728172897
423,panaba,21.2833,-88.2667,78.98,87,100,3.98,MX,1728172898
424,glace bay,46.1969,-59.957,58.15,94,100,6.91,CA,1728172899
425,ipatovo,45.7181,42.9036,58.14,40,3,8.34,RU,1728172901
426,susuman,62.7833,148.1667,24.62,80,100,2.57,RU,1728172902
427,south hedland,-20.4089,118.5983,76.93,73,72,8.05,AU,1728172904
428,ashibetsu,43.5097,142.1856,52.61,69,65,4.65,JP,1728172906
429,ciudad sabinas hidalgo,26.5,-100.1667,77.58,77,88,4.56,MX,1728172907
430,daru,-9.0763,143.2092,79.45,85,97,17.05,PG,1728172909
431,kushtagi,15.7667,76.2,76.75,77,100,0.65,IN,1728172910
432,kendall west,25.7065,-80.4388,79.0,86,100,0.0,US,1728172912
433,hammerfest,70.6634,23.6821,36.05,80,75,5.75,NO,1728172913
434,ilha de mocambique,-15.0342,40.7358,72.64,81,47,15.03,MZ,1728172914
435,el estor,15.5333,-89.35,75.33,86,100,1.03,GT,1728172917
436,murun-kuren,49.6342,100.1625,32.32,41,19,3.76,MN,1728172918
437,prince george,53.9166,-122.753,49.44,76,100,12.66,CA,1728172822
438,xuddur,4.1213,43.8894,71.44,78,54,16.17,SO,1728172923
439,kiunga,-6.1219,141.2906,81.73,73,95,4.43,PG,1728172925
440,port isabel,26.0734,-97.2086,82.02,87,75,8.01,US,1728172926
441,three points,32.0767,-111.3137,100.63,9,0,6.2,US,1728172928
442,westport,41.1415,-73.3579,65.75,60,0,4.0,US,1728172739
443,maych'ew,12.7875,39.5422,56.3,82,92,4.32,ET,1728172930
444,broken hill,-31.95,141.4333,65.07,48,0,9.48,AU,1728172932
445,ratangarh,28.0833,74.6,80.26,56,2,11.5,IN,1728172933
446,kralendijk,12.15,-68.2667,84.87,66,90,5.61,BQ,1728172942
447,taesal-li,36.9714,126.4542,64.83,59,97,5.77,KR,1728172943
448,danjiangkou,32.5428,111.5086,60.03,74,100,4.97,CN,1728172945
449,machico,32.7,-16.7667,77.0,85,75,5.75,PT,1728172946
450,ruhstorf,48.5333,12.6833,44.35,97,99,4.09,DE,1728172948
451,kiama,-34.6833,150.8667,76.24,50,6,7.0,AU,1728172949
452,mil'kovo,55.6078,37.7956,48.63,77,99,5.79,RU,1728172951
453,nikolayevsk-on-amure,53.1406,140.73,44.71,81,100,10.6,RU,1728172955
454,zeya,53.75,127.2667,39.49,57,22,2.66,RU,1728172957
455,itoman,26.1247,127.6694,85.08,83,40,10.36,JP,1728172959
456,ermoupolis,37.4423,24.9425,76.1,62,88,4.61,GR,1728172960
457,corral de almaguer,39.7545,-3.1865,62.64,84,37,6.55,ES,1728172962
458,ruzomberok,49.0748,19.3075,46.94,100,100,3.11,SK,1728172963
459,zhangye,38.9342,100.4517,51.22,48,100,3.27,CN,1728172964
460,juan griego,11.0817,-63.9655,78.93,100,100,2.3,VE,1728172966
461,gvardeysk,54.6477,21.0651,39.7,83,28,4.34,RU,1728172967
462,slave lake,55.2834,-114.769,53.58,47,0,8.05,CA,1728172968
463,tual,-5.6667,132.75,79.75,76,81,19.35,ID,1728172969
464,vila velha,-20.3297,-40.2925,71.55,75,75,12.66,BR,1728172971
465,queenstown,-31.8976,26.8753,61.95,18,81,6.08,ZA,1728172973
466,cape coast,5.1053,-1.2466,76.08,92,86,6.91,GH,1728172977
467,zhangjiakou,40.81,114.8794,55.26,84,100,5.17,CN,1728172978
468,jayapura,-2.5333,140.7,81.79,83,100,6.13,ID,1728172979
469,colonia,50.9333,6.95,47.97,84,0,8.05,DE,1728172981
470,robit,12.0167,39.6333,67.03,72,100,2.84,ET,1728172983
471,leer,53.2316,7.461,42.94,95,5,7.92,DE,1728172984
472,huancavelica,-12.7667,-74.9833,39.63,76,98,6.02,PE,1728172986
473,namdrik,5.5994,168.1028,84.9,72,68,12.39,MH,1728172988
474,tal'menka,53.8183,83.5677,42.17,70,32,5.39,RU,1728172989
475,inirida,3.8653,-67.9239,79.27,79,95,2.42,CO,1728172992
476,bodaybo,57.8506,114.1933,36.52,84,100,4.68,RU,1728172993
477,tromso,69.6496,18.957,35.62,87,100,3.44,NO,1728172994
478,smara,26.7384,-11.6719,71.28,79,81,12.73,EH,1728172996
479,gilgit,35.9221,74.3087,64.09,49,100,0.72,PK,1728172997
480,playa del ingles,27.7567,-15.5787,71.4,92,1,3.09,ES,1728172998
481,biltine,14.5333,20.9167,85.77,32,9,3.09,TD,1728173000
482,princeville,45.7668,-61.2985,57.31,94,100,4.61,CA,1728173005
483,ad dawadimi,24.5077,44.3924,78.15,35,0,13.71,SA,1728173007
484,el calafate,-50.3408,-72.2768,44.38,64,100,8.3,AR,1728173008
485,sakaiminato,35.55,133.2333,64.38,100,75,1.14,JP,1728173009
486,handan,36.6006,114.4678,65.53,56,81,2.77,CN,1728173011
487,mahalapye,-23.1041,26.8142,57.49,49,7,7.05,BW,1728173012
488,shiraoi,42.55,141.35,62.85,67,35,3.98,JP,1728173013
489,kure,34.2333,132.5667,72.19,77,97,4.88,JP,1728173016
490,xinpu,34.5997,119.1594,61.92,90,100,7.96,CN,1728173017
491,fort-shevchenko,44.5086,50.263,65.39,48,10,4.27,KZ,1728173020
492,dolinsk,47.35,142.8,60.12,67,95,8.9,RU,1728173021
493,esmeraldas,-19.7625,-44.3139,68.54,73,15,13.62,BR,1728173023
494,dzilam gonzalez,21.2833,-88.9333,77.95,96,93,1.88,MX,1728173024
495,jackson,42.4165,-122.8345,85.71,25,0,3.0,US,1728172788
496,nafada,11.0956,11.3327,77.9,77,82,6.69,NG,1728173026
497,sola,-13.8833,167.55,79.48,84,40,23.09,VU,1728173028
498,dunedin,-45.8742,170.5036,56.37,62,32,3.83,NZ,1728173030
499,barmer,25.75,71.3833,79.16,72,17,6.15,IN,1728173031
500,miguel ahumada,30.6167,-106.5167,85.55,12,0,10.45,MX,1728173032
501,bentiu,9.2333,29.8333,76.08,80,96,2.39,SS,1728173034
502,darwin,-12.4611,130.8418,87.94,62,20,2.3,AU,1728172880
503,starobin,52.7267,27.4606,48.92,78,100,11.07,BY,1728173036
504,brookings,44.3114,-96.7984,63.05,40,0,9.22,US,1728173038
505,charikar,35.0136,69.1714,57.69,44,60,2.39,AF,1728173040
506,saint-pierre,-21.3393,55.4781,67.68,68,75,5.75,RE,1728173043
507,bucerias,20.75,-105.3333,86.99,82,70,5.06,MX,1728172837
508,indre arna,60.4247,5.4764,53.82,84,100,9.42,NO,1728173047
509,greymouth,-42.4667,171.2,55.04,88,93,8.14,NZ,1728173048
510,hovd,48.0056,91.6419,36.7,54,0,0.83,MN,1728172844
511,maralal,1.0968,36.698,58.68,78,75,5.12,KE,1728173051
512,baukau,51.5526,7.2042,48.22,84,0,4.29,DE,1728173053
513,tomah,43.9786,-90.504,74.71,60,0,3.44,US,1728173055
514,oliena,40.2723,9.403,53.58,94,13,5.28,IT,1728173056
515,dzhambeyty,50.2536,52.595,55.15,28,100,5.12,KZ,1728173058
516,recani,31.2846,-4.2688,81.36,32,33,6.62,MA,1728173059
517,long beach,33.767,-118.1892,76.08,82,0,13.8,US,1728173061
518,brush,40.2589,-103.6238,79.83,21,0,16.11,US,1728173062
519,melendugno,40.2747,18.3368,64.06,65,0,10.76,IT,1728173064
520,buala,-8.145,159.5921,85.15,71,56,9.64,SB,1728173065
521,langzhong,31.5504,105.9938,59.27,92,100,0.67,CN,1728173067
522,mglin,53.0591,32.8475,52.09,85,100,11.63,RU,1728173068
523,den burg,53.0542,4.7972,51.78,81,6,10.36,NL,1728173070
524,bondoukou,8.0333,-2.8,71.08,98,100,3.38,CI,1728173072
525,hurghada,27.2574,33.8129,78.84,38,0,9.22,EG,1728173073
526,quepos,9.4236,-84.1652,80.31,84,71,0.56,CR,1728173074
527,ocos,14.5094,-92.1933,81.91,79,99,1.14,GT,1728173076
528,moultrie,31.1799,-83.7891,76.89,83,100,6.91,US,1728173078
529,flying fish cove,-10.4217,105.6791,76.68,94,100,10.36,CX,1728173081
530,miesbach,47.789,11.8338,43.56,94,81,4.59,DE,1728173082
531,buenaventura,3.8801,-77.0312,76.12,92,51,3.0,CO,1728173083
532,gulu,2.7746,32.299,66.2,85,97,2.89,UG,1728173085
533,gadzhiyevo,69.2551,33.3362,36.64,79,57,9.4,RU,1728173087
534,kalmunai,7.4167,81.8167,79.97,81,100,6.6,LK,1728173089
535,djambala,-2.5447,14.7533,67.89,93,89,3.65,CG,1728173090
536,gizo,-8.103,156.8419,84.45,70,49,7.36,SB,1728173092
537,santa ines,-3.6667,-45.38,81.09,70,60,9.17,BR,1728173093
538,makueni boma,-1.8041,37.6203,61.9,87,76,3.11,KE,1728173095
539,ghanzi,-21.5667,21.7833,56.98,34,1,9.42,BW,1728173096
540,kayar,14.9192,-17.1211,79.75,87,39,6.8,SN,1728173098
541,kismayo,-0.3582,42.5454,77.23,84,62,18.01,SO,1728173099
